{"min": [-0.680984333038845, -0.805073, -0.970993868156728], "max": [0.7025285532837343, 0.90155, 0.9091584064938397]}