{"min": [-0.656044, -0.323157, -0.699704], "max": [0.722714, 1.033674, 0.835871]}