{"min": [-0.616056, -0.416002, -0.934231], "max": [0.620265, 0.557601, 1.052575]}